State,State_Code,Marathon Name,City,Finishers,Course Type,Elevation Gain (ft),Elevation Loss (ft),Date
Alabama,AL,Rocket City Marathon,Huntsville,1184,Rolling Hills,667,671,12/14/2025
Alabama,AL,Big Beach Marathon,Gulf Shores,383,Mostly Flat,314,314,01/25/2026
Alabama,AL,BHM 26.2 Marathon,Birmingham,185,Hilly,1222,1222,10/04/2026
Alabama,AL,Boston or Bust Marathon,Huntsville,153,Mostly Flat,282,282,09/13/2026
Alabama,AL,Mobile Marathon,Mobile,114,Flat,199,199,01/11/2026
Alaska,AK,Mayors Marathon,Anchorage,665,Hilly,842,982,06/20/2026
Alaska,AK,Humpys Marathon,Anchorage,232,Rolling Hills,823,823,08/16/2026
Arizona,AZ,Every Womans Marathon,Scottsdale,3949,Downhill,620,1209,11/16/2025
Arizona,AZ,Mesa Marathon,Mesa,3192,Downhill,288,1154,02/14/2026
Arizona,AZ,Phoenix Marathon,Phoenix,2372,Rolling Hills,417,562,12/12/2026
Arizona,AZ,Tucson Marathon,Tucson,1125,Downhill,261,1763,12/13/2026
Arizona,AZ,Garmin Tucson Marathon,Tucson,447,Rolling Hills,827,827,11/15/2025
Arkansas,AR,Little Rock Marathon,Little Rock,1133,Rolling Hills,1009,1009,03/01/2026
Arkansas,AR,Hogeye Marathon,Springdale,294,Rolling Hills,-,-,04/11/2026
Arkansas,AR,3 Bridges Marathon,Little Rock,180,Flat,159,159,12/06/2025
Arkansas,AR,White River Marathon,Cotter,147,Mostly Flat,482,640,11/21/2026
California,CA,Los Angeles Marathon,Los Angeles,21444,Rolling Hills,943,1169,03/08/2026
California,CA,California International Marathon,Sacramento,8178,Downhill,663,1003,12/06/2026
California,CA,San Francisco Marathon,San Francisco,6536,Hilly,1365,1364,07/26/2026
California,CA,Rock n Roll San Diego Marathon,San Diego,5935,Mostly Flat,813,1044,05/31/2025
California,CA,Long Beach Marathon,Long Beach,4722,Mostly Flat,470,462,10/11/2026
Colorado,CO,Colfax Marathon,Denver,2276,Rolling Hills,693,694,05/17/2026
Colorado,CO,Boulderthon - Boulder Marathon,Boulder,1998,Hilly,836,824,09/27/2026
Colorado,CO,Colorado Marathon,Fort Collins,1081,Downhill,206,1336,05/03/2026
Colorado,CO,Steamboat Marathon,Steamboat Springs,302,Downhill,736,2142,06/07/2026
Colorado,CO,Aspen Valley Marathon,Basalt,222,Downhill,305,1644,07/19/2025
Connecticut,CT,Hartford Marathon,Hartford,1915,Rolling Hills,754,782,10/10/2026
Connecticut,CT,Savin Rock Marathon,West Haven,158,Rolling Hills,-,-,03/28/2026
Delaware,DE,Rehoboth Beach Marathon,Rehoboth Beach,980,Mostly Flat,261,253,12/05/2026
Delaware,DE,Coastal Delaware Running Festival Marathon,Rehoboth Beach,776,Mostly Flat,272,272,04/12/2026
Delaware,DE,Delaware Marathon,Wilmington,439,Rolling Hills,1025,1025,04/19/2026
Florida,FL,Walt Disney World Marathon,Orlando,13291,Flat,260,258,01/11/2026
Florida,FL,Miami Marathon,Miami,3251,Mostly Flat,254,253,01/25/2026
Florida,FL,Space Coast Marathon,Cocoa,940,Flat,262,259,11/22/2026
Florida,FL,Palm Beaches Marathon,West Palm Beach,886,Flat,88,88,12/14/2025
Florida,FL,Jacksonville Marathon,Jacksonville,703,Flat,219,220,12/13/2025
Georgia,GA,Atlanta Marathon,Atlanta,1941,Rolling Hills,1384,1362,02/28/2026
Georgia,GA,Classic City Marathon,Athens,354,Hilly,1130,1153,01/24/2026
Georgia,GA,Chickamauga Battlefield Marathon,Chickamauga,352,Rolling Hills,907,907,11/14/2026
Georgia,GA,Jekyll Island Marathon,Jekyll Island,303,Flat,245,244,01/18/2026
Georgia,GA,Silver Comet Marathon,Mableton,252,Rolling Hills,773,812,10/25/2025
Hawaii,HI,Honolulu Marathon,Honolulu,22745,Mostly Flat,457,455,12/13/2026
Hawaii,HI,Maui Marathon,Kaanapali,420,Mostly Flat,151,151,04/26/2026
Hawaii,HI,Maui Oceanfront Marathon,Maui,206,Mostly Flat,-,-,01/17/2027
Hawaii,HI,Big Island International Marathon,Hilo,139,Rolling Hills,-,-,03/15/2026
Hawaii,HI,Kona Marathon,Kailua-Kona,125,Rolling Hills,-,-,07/04/2026
Idaho,ID,Coeur d Alene Marathon,Coeur d' Alene,412,Rolling Hills,786,807,05/24/2026
Idaho,ID,Famous Idaho Potato Marathon,Boise,280,Mostly Flat,297,304,05/16/2026
Idaho,ID,Pocatello Marathon,Pocatello,251,Downhill,449,1962,09/05/2026
Idaho,ID,Boise Marathon,Boise,109,Mostly Flat,-,-,06/20/2026
Illinois,IL,Chicago Marathon,Chicago,54382,Flat,243,242,10/11/2026
Illinois,IL,Illinois Marathon,Champaign-Urbana,895,Mostly Flat,456,483,04/25/2026
Illinois,IL,Quad Cities Marathon,Moline,540,Mostly Flat,511,511,09/27/2026
Illinois,IL,Fox Valley Marathon,St. Charles,497,Mostly Flat,-,-,09/20/2026
Illinois,IL,Chicagoland Spring Marathon,Schaumburg,488,Mostly Flat,470,470,05/03/2026
Indiana,IN,Indianapolis Monumental Marathon,Indianapolis,6674,Mostly Flat,302,302,11/07/2026
Indiana,IN,Carmel Marathon,Carmel,1451,Mostly Flat,525,525,04/18/2026
Indiana,IN,Mill Race Marathon,Columbus,211,Mostly Flat,-,-,09/26/2026
Indiana,IN,Veterans Marathon,Columbia City,134,Rolling Hills,659,659,11/08/2025
Indiana,IN,Fort Wayne Marathon,Fort Wayne,109,Mostly Flat,-,-,04/26/2026
Iowa,IA,Des Moines Marathon,Des Moines,1889,Rolling Hills,682,682,10/18/2026
Iowa,IA,Des Moines St. Paddys Marathon,Des Moines,210,Rolling Hills,443,443,03/14/2026
Kansas,KS,Salina Crossroads Marathon,Salina,548,Mostly Flat,384,384,11/07/2026
Kansas,KS,Garmin Olathe Marathon,Olathe,454,Rolling Hills,891,891,04/25/2026
Kansas,KS,Prairie Fire Marathon,Wichita,382,Mostly Flat,361,362,10/11/2026
Kansas,KS,Gobbler Grind Marathon,Overland Park,219,Rolling Hills,593,593,11/22/2026
Kentucky,KY,Kentucky Derby Festival Marathon,Louisville,1328,Mostly Flat,501,508,04/25/2026
Kentucky,KY,Louisville Marathon,Louisville,418,Hilly,961,961,11/01/2026
Kentucky,KY,Horse Capital Marathon,Lexington,136,Rolling Hills,-,-,04/11/2026
Louisiana,LA,Louisiana Marathon,Baton Rouge,1477,Mostly Flat,436,436,01/17/2027
Louisiana,LA,Zydeco Marathon,Lafayette,165,Flat,-,-,03/08/2026
Maine,ME,Maine Marathon,Portland,1176,Rolling Hills,858,858,10/04/2026
Maine,ME,Maine Coast Marathon,Wells,913,Mostly Flat,770,764,05/03/2026
Maine,ME,Mount Desert Island Marathon,Bar Harbor,811,Hilly,-,-,10/18/2026
Maine,ME,Sugarloaf Marathon,Kingfield,383,Downhill,713,1285,05/17/2026
Maine,ME,Millinocket Marathon,Millinocket,167,Rolling Hills,-,-,12/06/2025
Maryland,MD,Baltimore Marathon,Baltimore,1961,Hilly,977,985,10/17/2026
Maryland,MD,Ocean City Running Festival Marathon,Ocean City,360,Flat,9,203,11/01/2025
Maryland,MD,B and A Marathon,Severna Park,312,Mostly Flat,-,-,03/29/2026
Maryland,MD,North Central Rail Trail Marathon,Sparks,287,Mostly Flat,409,554,11/28/2026
Maryland,MD,Salisbury Marathon,Salisbury,255,Rolling Hills,367,375,04/04/2026
Massachusetts,MA,Boston Marathon,Boston,28468,Downhill,815,1275,04/20/2026
Massachusetts,MA,Cape Cod Marathon,Falmouth,1162,Rolling Hills,446,446,10/11/2026
Massachusetts,MA,Baystate Marathon,Lowell,1140,Mostly Flat,507,511,10/18/2026
Massachusetts,MA,Hyannis Marathon,Hyannis,386,Mostly Flat,-,-,03/01/2026
Massachusetts,MA,New England Green River Marathon,Greenfield,348,Downhill,650,2115,08/23/2026
Michigan,MI,Detroit Free Press Marathon,Detroit,3569,Mostly Flat,388,397,10/18/2026
Michigan,MI,Bayshore Marathon,Traverse City,1618,Mostly Flat,371,371,05/23/2026
Michigan,MI,Grand Rapids Marathon,Grand Rapids,1158,Mostly Flat,776,776,10/18/2026
Michigan,MI,Charlevoix Marathon,Charlevoix,511,Mostly Flat,555,555,06/20/2026
Michigan,MI,Marquette Marathon,Marquette,448,Downhill,352,1162,09/05/2026
Minnesota,MN,Grandmas Marathon,Duluth,7542,Mostly Flat,557,685,06/20/2026
Minnesota,MN,Twin Cities Marathon,St. Paul,7002,Rolling Hills,576,495,10/04/2026
Minnesota,MN,Mankato Marathon,Mankato,381,Rolling Hills,908,889,10/17/2026
Minnesota,MN,Med City Marathon,Rochester,360,Mostly Flat,524,805,05/17/2026
Minnesota,MN,Lake Wobegon Trail Marathon,St. Joseph,335,Mostly Flat,290,412,05/09/2026
Mississippi,MS,Mississippi Gulf Coast Marathon,Biloxi,766,Flat,140,130,12/13/2026
Mississippi,MS,Mississippi River Marathon,Greenville,109,Mostly Flat,217,207,02/07/2026
Mississippi,MS,Mississippi Blues Marathon,Jackson,105,Rolling Hills,1193,1193,02/21/2026
Missouri,MO,Kansas City Marathon,Kansas City,1538,Hilly,1200,1200,10/17/2026
Missouri,MO,Greater St. Louis Marathon,St. Louis,1181,Rolling Hills,455,423,04/11/2026
Missouri,MO,MO Cowbell Marathon,St. Charles,503,Mostly Flat,-,-,11/08/2026
Missouri,MO,Bass Pro Shops Conservation Marathon,Springfield,476,Rolling Hills,764,780,11/01/2026
Montana,MT,Missoula Marathon,Missoula,1153,Mostly Flat,492,315,06/28/2026
Montana,MT,Montana Marathon,Billings,221,Downhill,520,1351,09/20/2026
Montana,MT,Whitefish Marathon,Whitefish,208,Hilly,1170,1166,05/16/2026
Montana,MT,Wicked Fast (MT) Marathon,Pine Creek,154,Downhill,321,1645,08/15/2026
Nebraska,NE,Lincoln Marathon,Lincoln,801,Rolling Hills,520,522,05/03/2026
Nebraska,NE,Omaha Marathon,Omaha,357,Rolling Hills,386,386,09/27/2026
Nebraska,NE,Nebraska State Fair Marathon,Grand Island,155,Flat,134,134,08/29/2026
Nebraska,NE,Monument Marathon,Gering,124,Downhill,624,1240,09/26/2026
Nevada,NV,REVEL Mt. Charleston Marathon,Las Vegas,1704,Downhill,169,5247,03/28/2026
Nevada,NV,Las Vegas Marathon,Las Vegas,1703,Downhill,162,5331,10/26/2025
New Hampshire,NH,Manchester City Marathon,Manchester,572,Hilly,1040,1040,11/09/2025
New Hampshire,NH,Cheap Marathon,Derry,550,Rolling Hills,493,486,04/04/2026
New Hampshire,NH,Clarence DeMar Marathon,Keene,308,Downhill,645,1073,09/27/2026
New Hampshire,NH,New Hampshire Marathon,Bristol,230,Hilly,-,-,10/03/2026
New Jersey,NJ,Jersey City Marathon,Jersey City,2995,Mostly Flat,383,383,04/19/2026
New Jersey,NJ,Atlantic City Marathon,Atlantic City,1030,Flat,200,200,10/18/2026
New Mexico,NM,Duke City Marathon,Albuquerque,513,Mostly Flat,162,162,10/18/2026
New Mexico,NM,Shiprock Marathon,Shiprock,164,Hilly,838,838,05/02/2026
New Mexico,NM,State 47 Las Cruces Marathon,Las Cruces,160,Mostly Flat,174,174,01/03/2026
New Mexico,NM,Albuquerque Running Fiesta Marathon,Albuquerque,134,Rolling Hills,-,-,11/01/2026
New York,NY,New York City Marathon,New York City,59129,Rolling Hills,810,824,11/01/2026
New York,NY,Wineglass Marathon,Corning,1816,Downhill,392,594,10/04/2026
New York,NY,Buffalo Marathon,Buffalo,1209,Mostly Flat,589,595,05/24/2026
New York,NY,Mohawk-Hudson River Marathon,Albany,600,Downhill,471,700,10/12/2025
New York,NY,Long Island Marathon,East Meadow,541,Mostly Flat,311,310,05/03/2026
North Carolina,NC,Charlotte Marathon,Charlotte,2647,Rolling Hills,1044,1046,11/14/2026
North Carolina,NC,Wilmington Marathon,Wilmington,1103,Mostly Flat,419,419,02/28/2026
North Carolina,NC,City of Oaks Marathon,Raleigh,979,Hilly,1223,1223,11/01/2026
North Carolina,NC,Tobacco Road Marathon,Cary,546,Rolling Hills,722,722,03/15/2026
North Carolina,NC,Asheville Marathon,Asheville,516,Rolling Hills,1009,1181,03/21/2026
North Dakota,ND,Fargo Marathon,Fargo,953,Flat,260,260,05/30/2026
North Dakota,ND,Bismarck Marathon,Bismarck,206,Mostly Flat,477,477,09/20/2026
Ohio,OH,Flying Pig Marathon,Cincinnati,4710,Hilly,975,981,05/02/2026
Ohio,OH,Columbus Marathon,Columbus,4122,Mostly Flat,523,523,10/18/2026
Ohio,OH,Cleveland Marathon,Cleveland,1715,Rolling Hills,659,659,05/17/2026
Ohio,OH,United States Air Force Marathon,Dayton,1246,Mostly Flat,455,458,09/19/2026
Ohio,OH,Glass City Marathon,Toledo,1200,Mostly Flat,412,425,04/26/2026
Oklahoma,OK,Oklahoma City Memorial Marathon,Oklahoma City,2533,Rolling Hills,758,778,04/26/2026
Oklahoma,OK,Route 66 Marathon,Tulsa,818,Rolling Hills,822,839,11/22/2026
Oklahoma,OK,Golden Driller Marathon,Tulsa,139,Mostly Flat,475,475,04/18/2026
Oregon,OR,Eugene Marathon,Eugene,3791,Mostly Flat,586,583,04/26/2026
Oregon,OR,Portland Marathon,Portland,3009,Rolling Hills,873,873,10/04/2026
Oregon,OR,Newport Marathon (OR),Newport,332,Mostly Flat,335,405,05/31/2026
Oregon,OR,Bend Marathon,Bend,315,Hilly,1217,1217,04/12/2026
Oregon,OR,Foot Traffic Flat Marathon,Portland,298,Mostly Flat,236,236,07/04/2026
Pennsylvania,PA,Philadelphia Marathon,Philadelphia,12576,Mostly Flat,651,641,11/22/2026
Pennsylvania,PA,Pittsburgh Marathon,Pittsburgh,3784,Rolling Hills,933,939,05/03/2026
Pennsylvania,PA,Erie Marathon,Erie,1103,Flat,84,84,09/13/2026
Pennsylvania,PA,Steamtown Marathon,Scranton,892,Downhill,518,1471,10/11/2026
Pennsylvania,PA,Harrisburg Marathon,Harrisburg,631,Mostly Flat,315,314,11/08/2026
Rhode Island,RI,Newport Rhode Races Marathon,Newport,1097,Rolling Hills,891,891,04/18/2026
Rhode Island,RI,Newport Marathon (RI),Newport,1057,Rolling Hills,-,-,10/11/2026
Rhode Island,RI,Ocean State Rhode Races Marathon,Narragansett,398,Rolling Hills,1006,1006,10/25/2026
Rhode Island,RI,Providence Rhode Races Marathon,Providence,373,Rolling Hills,746,746,05/03/2026
South Carolina,SC,Kiawah Island Marathon,Kiawah Island,1328,Flat,129,129,12/12/2026
South Carolina,SC,Myrtle Beach Marathon,Myrtle Beach,1167,Flat,283,280,03/07/2026
South Carolina,SC,Spinx Runfest Marathon,Greenville,439,Rolling Hills,-,-,10/25/2025
South Carolina,SC,Hilton Head Island Marathon,Hilton Head Island,374,Mostly Flat,-,-,TBD
South Carolina,SC,Daufuskie Island Marathon,Daufuskie Island,206,Mostly Flat,288,288,01/17/2026
South Dakota,SD,Sioux Falls Marathon,Sioux Falls,404,Mostly Flat,586,586,09/20/2026
South Dakota,SD,Leading Ladies Marathon,Spearfish,125,Downhill,353,2604,08/23/2026
Tennessee,TN,Rock n Roll Nashville Marathon,Nashville,2733,Rolling Hills,922,999,04/25/2026
Tennessee,TN,St. Jude Memphis Marathon,Memphis,1973,Rolling Hills,703,706,12/05/2026
Tennessee,TN,Seven Bridges Marathon,Chattanooga,844,Rolling Hills,905,905,10/25/2026
Tennessee,TN,Knoxville Marathon,Knoxville,710,Rolling Hills,1248,1248,04/12/2026
Tennessee,TN,Chattanooga Marathon,Chattanooga,243,Rolling Hills,995,995,03/29/2026
Texas,TX,Houston Marathon,Houston,9257,Flat,225,222,01/17/2027
Texas,TX,Austin Marathon,Austin,4110,Rolling Hills,1015,973,02/15/2026
Texas,TX,Dallas Marathon,Dallas,3947,Rolling Hills,843,843,12/13/2026
Texas,TX,San Antonio Marathon,San Antonio,3335,Rolling Hills,909,902,12/06/2026
Texas,TX,Cowtown Marathon,Fort Worth,1750,Rolling Hills,736,734,03/01/2026
Utah,UT,St. George Marathon,St. George,4382,Downhill,500,3057,10/03/2026
Utah,UT,Salt Lake City Marathon,Salt Lake City,1638,Downhill,911,1495,04/25/2026
Utah,UT,Ogden Marathon,Ogden,1332,Downhill,398,1514,05/16/2026
Utah,UT,Utah Valley Marathon,Provo,1319,Downhill,395,1830,06/06/2026
Utah,UT,REVEL Big Cottonwood Marathon,Murray,1179,Downhill,221,5465,09/12/2026
Vermont,VT,Vermont City Marathon,Burlington,1521,Rolling Hills,855,856,05/24/2026
Vermont,VT,Mad Marathon,Waitsfield,246,Hilly,2134,2133,07/12/2026
Vermont,VT,Champlain Islands Marathon,South Hero,136,Rolling Hills,946,946,10/18/2026
Virginia,VA,Marine Corps Marathon,Arlington,30127,Mostly Flat,699,666,10/25/2026
Virginia,VA,Richmond Marathon,Richmond,4943,Rolling Hills,685,813,11/14/2026
Virginia,VA,Shamrock Marathon,Virginia Beach,1951,Flat,270,272,03/22/2026
Virginia,VA,Newport News One City Marathon,Newport News,475,Flat,318,312,03/01/2026
Virginia,VA,Tidewater Strider Marathon,Chesapeake,142,Flat,134,124,04/26/2026
Washington,WA,Seattle Marathon,Seattle,2470,Hilly,817,904,11/29/2026
Washington,WA,Light at the End of the Tunnel Marathon,North Bend,804,Downhill,76,2116,06/07/2026
Washington,WA,Jack and Jills Downhill Marathon (Saturday),North Bend,778,Downhill,76,2136,07/25/2026
Washington,WA,Tunnel Vision Marathon,North Bend,768,Downhill,76,2116,08/09/2026
Washington,WA,Jack and Jills Downhill Marathon,North Bend,715,Downhill,76,2136,07/26/2026
West Virginia,WV,Marshall University Marathon,Huntington,379,Mostly Flat,354,357,11/01/2026
West Virginia,WV,Greenbrier River Trail Marathon,Cass,166,Downhill,25,363,10/04/2026
West Virginia,WV,Freedoms Run Marathon,Shepherdstown,123,Hilly,-,-,10/10/2026
Wisconsin,WI,Madison Marathon,Madison,1911,Rolling Hills,851,833,11/15/2026
Wisconsin,WI,Lakefront Marathon,Milwaukee,1592,Rolling Hills,752,759,10/04/2026
Wisconsin,WI,Milwaukee Marathon,Milwaukee,926,Rolling Hills,525,474,04/11/2026
Wisconsin,WI,Eau Claire Marathon,Eau Claire,633,Rolling Hills,590,588,05/03/2026
Wisconsin,WI,Fox Cities Marathon,Appleton,543,Rolling Hills,420,455,09/20/2026
Wyoming,WY,Jackson Hole Marathon,Jackson Hole,248,Rolling Hills,566,492,09/26/2026
Wyoming,WY,Casper Marathon,Casper,110,Mostly Flat,548,743,06/07/2026
